{
    "imagenet_glide": {
        "ai": {
            "precision": 0.83,
            "recall": 0.996,
            "f1-score": 0.9054545454545454,
            "support": 500
        },
        "nature": {
            "precision": 0.995,
            "recall": 0.796,
            "f1-score": 0.8844444444444446,
            "support": 500
        },
        "accuracy": 0.896,
        "macro avg": {
            "precision": 0.9125,
            "recall": 0.896,
            "f1-score": 0.8949494949494949,
            "support": 1000
        },
        "weighted avg": {
            "precision": 0.9125,
            "recall": 0.896,
            "f1-score": 0.8949494949494949,
            "support": 1000
        }
    },
    "imagenet_midjourney": {
        "ai": {
            "precision": 0.7916666666666666,
            "recall": 0.836,
            "f1-score": 0.8132295719844358,
            "support": 500
        },
        "nature": {
            "precision": 0.826271186440678,
            "recall": 0.78,
            "f1-score": 0.8024691358024693,
            "support": 500
        },
        "accuracy": 0.808,
        "macro avg": {
            "precision": 0.8089689265536724,
            "recall": 0.808,
            "f1-score": 0.8078493538934526,
            "support": 1000
        },
        "weighted avg": {
            "precision": 0.8089689265536723,
            "recall": 0.808,
            "f1-score": 0.8078493538934526,
            "support": 1000
        }
    },
    "imagenet_ai_0508_adm": {
        "ai": {
            "precision": 0.8392554991539763,
            "recall": 0.992,
            "f1-score": 0.9092575618698441,
            "support": 500
        },
        "nature": {
            "precision": 0.9902200488997555,
            "recall": 0.81,
            "f1-score": 0.8910891089108911,
            "support": 500
        },
        "accuracy": 0.901,
        "macro avg": {
            "precision": 0.9147377740268658,
            "recall": 0.901,
            "f1-score": 0.9001733353903676,
            "support": 1000
        },
        "weighted avg": {
            "precision": 0.914737774026866,
            "recall": 0.901,
            "f1-score": 0.9001733353903676,
            "support": 1000
        }
    },
    "imagenet_ai_0419_biggan": {
        "ai": {
            "precision": 0.8378378378378378,
            "recall": 0.992,
            "f1-score": 0.9084249084249085,
            "support": 500
        },
        "nature": {
            "precision": 0.9901960784313726,
            "recall": 0.808,
            "f1-score": 0.8898678414096917,
            "support": 500
        },
        "accuracy": 0.9,
        "macro avg": {
            "precision": 0.9140169581346052,
            "recall": 0.9,
            "f1-score": 0.8991463749173001,
            "support": 1000
        },
        "weighted avg": {
            "precision": 0.9140169581346052,
            "recall": 0.9,
            "f1-score": 0.8991463749173001,
            "support": 1000
        }
    },
    "imagenet_ai_0424_wukong": {
        "ai": {
            "precision": 0.8321428571428572,
            "recall": 0.932,
            "f1-score": 0.879245283018868,
            "support": 500
        },
        "nature": {
            "precision": 0.9227272727272727,
            "recall": 0.812,
            "f1-score": 0.8638297872340427,
            "support": 500
        },
        "accuracy": 0.872,
        "macro avg": {
            "precision": 0.877435064935065,
            "recall": 0.8720000000000001,
            "f1-score": 0.8715375351264554,
            "support": 1000
        },
        "weighted avg": {
            "precision": 0.877435064935065,
            "recall": 0.872,
            "f1-score": 0.8715375351264553,
            "support": 1000
        }
    },
    "imagenet_ai_0424_sdv5": {
        "ai": {
            "precision": 0.8055555555555556,
            "recall": 0.928,
            "f1-score": 0.862453531598513,
            "support": 500
        },
        "nature": {
            "precision": 0.9150943396226415,
            "recall": 0.776,
            "f1-score": 0.8398268398268398,
            "support": 500
        },
        "accuracy": 0.852,
        "macro avg": {
            "precision": 0.8603249475890986,
            "recall": 0.8520000000000001,
            "f1-score": 0.8511401857126764,
            "support": 1000
        },
        "weighted avg": {
            "precision": 0.8603249475890985,
            "recall": 0.852,
            "f1-score": 0.8511401857126764,
            "support": 1000
        }
    },
    "imagenet_ai_0419_vqdm": {
        "ai": {
            "precision": 0.7891566265060241,
            "recall": 0.786,
            "f1-score": 0.7875751503006012,
            "support": 500
        },
        "nature": {
            "precision": 0.7868525896414342,
            "recall": 0.79,
            "f1-score": 0.7884231536926148,
            "support": 500
        },
        "accuracy": 0.788,
        "macro avg": {
            "precision": 0.7880046080737292,
            "recall": 0.788,
            "f1-score": 0.7879991519966081,
            "support": 1000
        },
        "weighted avg": {
            "precision": 0.7880046080737292,
            "recall": 0.788,
            "f1-score": 0.787999151996608,
            "support": 1000
        }
    }
}